City_ID,City,Country,Date,Lat,Lng,Max Temp,Humidity,Cloudiness,Wind Speed
0,Tasiilaq,GL,2021-11-20 17:55:57,65.6145,-37.6368,25.32,95,100,16.02
1,Christchurch,NZ,2021-11-20 17:55:58,-43.5333,172.6333,55.33,73,76,4.61
2,Cidreira,BR,2021-11-20 17:55:58,-30.1811,-50.2056,70.59,56,0,11.63
3,Rikitea,PF,2021-11-20 17:54:15,-23.1203,-134.9692,73.02,65,100,8.37
4,Barrow,US,2021-11-20 17:55:59,71.2906,-156.7887,1.42,85,20,8.05
5,Hasaki,JP,2021-11-20 17:55:59,35.7333,140.8333,46.69,60,38,5.59
6,Atuona,PF,2021-11-20 17:55:59,-9.8,-139.0333,79.47,68,3,13.42
7,Bluff,NZ,2021-11-20 17:56:00,-46.6,168.3333,52.27,94,100,6.22
8,Constitucion,CL,2021-11-20 17:56:00,-35.3333,-72.4167,65.26,65,12,9.17
9,Qaanaaq,GL,2021-11-20 17:56:00,77.484,-69.3632,-5.64,70,14,6.87
10,Lompoc,US,2021-11-20 17:54:23,34.6391,-120.4579,76.14,84,20,0.0
11,Torbay,CA,2021-11-20 17:56:01,47.6666,-52.7314,43.57,83,75,14.97
12,Cape Town,ZA,2021-11-20 17:56:01,-33.9258,18.4232,71.28,54,20,19.57
13,Souillac,MU,2021-11-20 17:56:02,-20.5167,57.5167,77.36,73,40,9.22
14,Comodoro Rivadavia,AR,2021-11-20 17:56:02,-45.8667,-67.5,80.46,24,40,24.16
15,Punta Arenas,CL,2021-11-20 17:56:02,-53.15,-70.9167,46.51,53,40,40.29
16,Novoilinsk,RU,2021-11-20 17:56:03,51.6829,108.7143,14.18,94,100,3.15
17,Puerto Ayacucho,VE,2021-11-20 17:56:03,5.6639,-67.6236,91.74,51,53,2.15
18,Mataura,NZ,2021-11-20 17:56:04,-46.1927,168.8643,50.27,99,100,2.57
19,Albany,US,2021-11-20 17:52:41,42.6001,-73.9662,44.58,57,51,1.99
20,Pimentel,PE,2021-11-20 17:56:04,-6.8367,-79.9342,73.69,60,0,18.41
21,Alyangula,AU,2021-11-20 17:56:04,-13.8483,136.4192,75.07,94,32,1.14
22,Ushuaia,AR,2021-11-20 17:56:05,-54.8,-68.3,38.86,65,75,21.85
23,Sabla,NG,2021-11-20 17:56:06,12.7525,4.7077,86.94,12,7,8.43
24,Huainan,CN,2021-11-20 17:56:06,32.6264,116.9969,56.82,77,100,9.73
25,Dikson,RU,2021-11-20 17:56:06,73.5069,80.5464,-8.72,89,45,15.03
26,Feijo,BR,2021-11-20 17:56:07,-8.1642,-70.3536,78.24,90,100,2.77
27,Iqaluit,CA,2021-11-20 17:56:07,63.7506,-68.5145,13.73,78,90,24.0
28,Bethel,US,2021-11-20 17:56:08,41.3712,-73.414,46.49,49,21,1.01
29,Andros Town,BS,2021-11-20 17:56:08,24.7,-77.7667,82.36,73,91,8.61
30,San Miguel,SV,2021-11-20 17:56:08,13.4833,-88.1833,86.22,52,93,3.06
31,Saint-Philippe,RE,2021-11-20 17:56:09,-21.3585,55.7679,76.59,80,46,8.95
32,Busselton,AU,2021-11-20 17:56:09,-33.65,115.3333,59.09,69,52,11.39
33,Hobart,AU,2021-11-20 17:55:34,-42.8794,147.3294,49.86,90,75,1.01
34,Jamestown,US,2021-11-20 17:54:33,42.097,-79.2353,41.72,54,100,7.0
35,East London,ZA,2021-11-20 17:56:10,-33.0153,27.9116,63.54,88,75,8.05
36,Niort,FR,2021-11-20 17:56:10,46.3333,-0.3333,45.68,75,93,0.29
37,Porto Nacional,BR,2021-11-20 17:56:11,-10.7081,-48.4172,87.8,51,70,2.73
38,Upernavik,GL,2021-11-20 17:56:11,72.7868,-56.1549,5.09,75,96,7.67
39,Rudsar,IR,2021-11-20 17:56:11,37.1376,50.288,48.18,67,12,8.25
40,Hilo,US,2021-11-20 17:55:43,19.7297,-155.09,74.62,87,0,1.99
41,Chuy,UY,2021-11-20 17:56:12,-33.6971,-53.4616,81.23,40,0,8.63
42,Vaini,TO,2021-11-20 17:56:12,-21.2,-175.2,71.76,100,75,2.3
43,Mubende,UG,2021-11-20 17:56:13,0.5606,31.39,61.95,96,97,1.41
44,Alice Town,BS,2021-11-20 17:56:13,25.7167,-79.3,77.83,79,99,21.92
45,Bengkulu,ID,2021-11-20 17:53:47,-3.8004,102.2655,76.42,89,91,4.09
46,Hermanus,ZA,2021-11-20 17:56:14,-34.4187,19.2345,68.9,72,60,19.28
47,Kincardine,GB,2021-11-20 17:57:14,56.0667,-3.7167,46.67,78,41,9.75
48,Talara,PE,2021-11-20 17:57:14,-4.5772,-81.2719,75.96,60,0,17.27
49,Talnakh,RU,2021-11-20 17:57:15,69.4865,88.3972,-17.09,91,30,8.95
50,Tshikapa,CD,2021-11-20 17:57:15,-6.4167,20.8,71.94,94,47,1.57
51,Hithadhoo,MV,2021-11-20 17:57:16,-0.6,73.0833,81.05,81,100,16.84
52,Bambous Virieux,MU,2021-11-20 17:57:16,-20.3428,57.7575,77.22,73,40,9.22
53,Horki,BY,2021-11-20 17:57:16,54.2861,30.9842,38.25,76,88,18.1
54,Kapaa,US,2021-11-20 17:57:17,22.0752,-159.319,74.19,77,70,1.01
55,Bose,IT,2021-11-20 17:57:17,45.4612,8.0137,56.73,72,8,2.77
56,Chokurdakh,RU,2021-11-20 17:57:18,70.6333,147.9167,-5.76,99,100,4.52
57,Senno,RU,2021-11-20 17:57:18,59.5336,33.9167,31.26,97,100,10.8
58,Mukhen,RU,2021-11-20 17:57:18,48.1,136.1,19.18,97,100,0.65
59,Gatton,AU,2021-11-20 17:57:19,-27.55,152.2833,73.33,87,88,0.98
60,Grao Mogol,BR,2021-11-20 17:57:19,-16.5594,-42.8897,69.51,93,96,1.61
61,Guaruja,BR,2021-11-20 17:57:20,-23.9931,-46.2564,76.6,78,75,9.22
62,Omsukchan,RU,2021-11-20 17:57:20,62.5333,155.8,-4.25,100,98,3.06
63,Fairbanks,US,2021-11-20 17:53:44,64.8378,-147.7164,-13.4,75,40,0.0
64,Kamaishi,JP,2021-11-20 17:57:21,39.2667,141.8833,44.19,70,5,5.95
65,Hamilton,US,2021-11-20 17:57:21,39.1834,-84.5333,51.73,53,100,1.99
66,Severo-Kurilsk,RU,2021-11-20 17:57:22,50.6789,156.125,35.4,97,99,4.03
67,Fortuna,US,2021-11-20 17:57:22,40.5982,-124.1573,51.37,60,40,3.44
68,Narwar,IN,2021-11-20 17:57:22,25.65,77.9,63.57,83,68,1.52
69,Sakhon Nakhon,TH,2021-11-20 17:57:23,17.1612,104.1472,75.56,77,76,1.41
70,Mehamn,NO,2021-11-20 17:57:23,71.0357,27.8492,29.37,70,100,24.7
71,Kavieng,PG,2021-11-20 17:57:23,-2.5744,150.7967,81.93,75,45,6.73
72,Norman Wells,CA,2021-11-20 17:57:24,65.282,-126.8329,-0.36,78,75,12.66
73,Erenhot,CN,2021-11-20 17:57:24,43.6475,111.9767,22.82,41,51,23.04
74,Luderitz,NA,2021-11-20 17:57:24,-26.6481,15.1594,62.73,77,10,21.41
75,Pisco,PE,2021-11-20 17:57:25,-13.7,-76.2167,69.85,73,40,8.05
76,Butaritari,KI,2021-11-20 17:57:25,3.0707,172.7902,82.36,66,79,14.34
77,Mar Del Plata,AR,2021-11-20 17:57:25,-38.0023,-57.5575,84.22,68,0,11.01
78,Lebu,CL,2021-11-20 17:57:26,-37.6167,-73.65,60.01,75,37,15.57
79,Clyde River,CA,2021-11-20 17:57:26,70.4692,-68.5914,8.83,85,40,24.16
80,Zhuanghe,CN,2021-11-20 17:57:27,39.7008,122.9911,39.54,73,100,2.06
81,Port Elizabeth,ZA,2021-11-20 17:57:27,-33.918,25.5701,64.69,72,75,12.66
82,Maceio,BR,2021-11-20 17:53:35,-9.6658,-35.7353,87.24,54,75,14.97
83,Tual,ID,2021-11-20 17:57:28,-5.6667,132.75,84.29,73,89,7.16
84,Brodokalmak,RU,2021-11-20 17:57:28,55.5748,62.082,22.46,84,99,18.5
85,Meulaboh,ID,2021-11-20 17:57:29,4.1363,96.1285,77.65,87,100,3.49
86,Port Hedland,AU,2021-11-20 17:57:29,-20.3167,118.5667,80.65,74,100,8.05
87,Bakhtiyarpur,IN,2021-11-20 17:57:29,25.4667,85.5167,68.02,52,59,6.38
88,Tautira,PF,2021-11-20 17:58:30,-17.7333,-149.15,82.42,67,67,15.7
89,Haines Junction,CA,2021-11-20 17:58:30,60.7522,-137.5108,-17.68,99,70,0.85
90,Atar,MR,2021-11-20 17:58:31,20.5169,-13.0499,89.44,19,100,3.65
91,Thompson,CA,2021-11-20 17:58:31,55.7435,-97.8558,19.56,86,75,12.66
92,Carnarvon,AU,2021-11-20 17:58:32,-24.8667,113.6333,71.67,83,40,9.22
93,Puerto Ayora,EC,2021-11-20 17:58:32,-0.7393,-90.3518,76.96,72,67,11.43
94,Andenes,NO,2021-11-20 17:58:32,69.3143,16.1194,32.07,64,90,17.27
95,Turayf,SA,2021-11-20 17:58:33,31.6725,38.6637,59.25,63,0,4.61
96,Rennes,FR,2021-11-20 17:53:48,48.1667,-1.6667,44.92,93,90,6.91
97,Gotsu,JP,2021-11-20 17:58:33,35.0,132.2167,54.05,78,2,5.41
98,Bandarbeyla,SO,2021-11-20 17:58:34,9.4942,50.8122,77.58,72,4,10.09
99,General Roca,AR,2021-11-20 17:58:34,-39.0333,-67.5833,92.62,9,0,21.18
100,Georgetown,MY,2021-11-20 17:56:48,5.4112,100.3354,80.53,93,20,7.0
101,Leh,IN,2021-11-20 17:58:34,34.1667,77.5833,17.92,54,0,2.86
102,Salalah,OM,2021-11-20 17:58:35,17.0151,54.0924,76.5,70,16,0.47
103,Vilyuysk,RU,2021-11-20 17:58:35,63.7553,121.6247,-11.54,96,100,2.24
104,Faanui,PF,2021-11-20 17:58:36,-16.4833,-151.75,80.58,77,78,20.47
105,Yulara,AU,2021-11-20 17:58:36,-25.2406,130.9889,66.04,77,74,13.8
106,Voznesenye,RU,2021-11-20 17:58:36,61.0106,35.4781,32.49,93,98,12.37
107,Pevek,RU,2021-11-20 17:58:37,69.7008,170.3133,-10.66,97,70,2.44
108,Klaksvik,FO,2021-11-20 17:58:37,62.2266,-6.589,38.32,79,100,29.01
109,Flin Flon,CA,2021-11-20 17:58:37,54.7682,-101.865,21.04,68,90,13.8
110,Pitimbu,BR,2021-11-20 17:58:38,-7.4706,-34.8086,88.39,69,50,12.01
111,Manakara,MG,2021-11-20 17:58:38,-22.1333,48.0167,75.99,81,37,11.16
112,Deputatskiy,RU,2021-11-20 17:58:39,69.3,139.9,-6.32,98,100,2.66
113,Akdepe,TM,2021-11-20 17:58:39,42.0551,59.3788,30.2,50,44,8.05
114,Sao Gabriel Da Cachoeira,BR,2021-11-20 17:58:39,-0.1303,-67.0892,78.6,89,40,4.61
115,Okha,RU,2021-11-20 17:58:40,53.5739,142.9478,27.03,83,91,21.34
116,Margate,GB,2021-11-20 17:58:40,51.3813,1.3862,50.31,82,100,1.99
117,Yanam,IN,2021-11-20 17:58:41,16.7333,82.2167,77.63,92,43,4.85
118,Xiaoshi,CN,2021-11-20 17:58:41,41.2971,124.1209,26.62,75,100,1.23
119,Port Alfred,ZA,2021-11-20 17:58:41,-33.5906,26.891,64.44,70,75,15.68
120,Macau,MO,2021-11-20 17:55:19,22.2006,113.5461,74.07,88,20,13.8
121,Naze,JP,2021-11-20 17:58:42,28.3667,129.4833,68.45,70,99,13.89
122,Eureka,US,2021-11-20 17:58:42,40.8021,-124.1637,51.64,90,9,4.68
123,Lagoa,PT,2021-11-20 17:58:43,39.05,-27.9833,65.14,76,99,26.15
124,Vao,NC,2021-11-20 17:58:43,-22.6667,167.4833,72.81,80,58,19.17
125,Codrington,AU,2021-11-20 17:58:43,-38.2667,141.9667,48.52,83,2,8.28
126,Luneville,FR,2021-11-20 17:58:44,48.6,6.5,43.38,89,6,2.13
127,Dauphin,CA,2021-11-20 17:58:44,51.1494,-100.0502,28.54,69,1,13.8
128,Yellowknife,CA,2021-11-20 17:57:32,62.456,-114.3525,-0.58,90,20,10.36
129,Sabang,ID,2021-11-20 17:58:45,5.8933,95.3214,81.99,77,85,16.46
130,Lapua,FI,2021-11-20 17:58:45,62.9693,23.0088,33.51,93,20,3.71
131,Jacqueville,CI,2021-11-20 17:58:46,5.2052,-4.4146,84.11,82,16,9.78
132,Belem,BR,2021-11-20 17:58:46,-1.4558,-48.5044,75.24,94,75,6.91
133,Laguna,US,2021-11-20 17:54:21,38.421,-121.4238,64.0,84,90,3.0
134,Nikolskoye,RU,2021-11-20 17:59:07,59.7035,30.7861,37.29,72,95,11.25
135,Aswan,EG,2021-11-20 17:56:49,24.0934,32.907,74.5,31,0,4.61
136,Bolshaya Martynovka,RU,2021-11-20 17:59:47,47.271,41.6679,46.04,89,100,23.42
137,Yumen,CN,2021-11-20 17:59:47,40.2833,97.2,18.75,51,0,4.45
138,New Norfolk,AU,2021-11-20 17:59:48,-42.7826,147.0587,49.5,82,56,2.91
139,Bredasdorp,ZA,2021-11-20 17:56:06,-34.5322,20.0403,63.28,69,98,17.38
140,Creel,MX,2021-11-20 17:59:48,27.75,-107.6333,62.46,34,61,8.23
141,Maple Creek,CA,2021-11-20 17:59:48,49.9168,-109.4848,39.61,48,41,14.97
142,Kavaratti,IN,2021-11-20 17:59:49,10.5669,72.642,81.32,76,85,13.49
143,Varna,BG,2021-11-20 17:59:49,43.2167,27.9167,52.23,78,0,3.44
144,Padang,ID,2021-11-20 17:55:00,-0.9492,100.3543,78.6,85,71,3.0
145,Muisne,EC,2021-11-20 17:59:50,0.6,-80.0333,82.51,75,85,8.93
146,Guerrero Negro,MX,2021-11-20 17:55:46,27.9769,-114.0611,68.63,65,98,7.61
147,Svetlogorsk,BY,2021-11-20 17:59:50,52.6333,29.7333,39.63,76,55,14.65
148,Cabedelo,BR,2021-11-20 17:59:50,-6.9811,-34.8339,88.47,70,89,11.39
149,Sarangani,PH,2021-11-20 17:59:51,5.4033,125.4636,83.95,72,95,4.21
150,Abha,SA,2021-11-20 17:55:30,18.2164,42.5053,58.82,82,0,6.91
151,Chapais,CA,2021-11-20 17:59:52,49.7834,-74.8492,28.18,71,100,10.0
152,Tuktoyaktuk,CA,2021-11-20 17:59:52,69.4541,-133.0374,-5.8,77,40,5.75
153,Arraial Do Cabo,BR,2021-11-20 17:59:25,-22.9661,-42.0278,75.16,78,40,12.66
154,Saldanha,ZA,2021-11-20 17:59:52,-33.0117,17.9442,64.08,81,100,15.82
155,Ahuimanu,US,2021-11-20 17:59:53,21.4447,-157.8378,78.78,75,75,7.36
156,Sitka,US,2021-11-20 17:59:53,57.0531,-135.33,31.32,81,100,9.19
157,Fort Nelson,CA,2021-11-20 17:59:54,58.8053,-122.7002,-17.01,76,20,0.0
158,Khatanga,RU,2021-11-20 17:59:54,71.9667,102.5,-22.99,99,98,6.17
159,Tatawin,TN,2021-11-20 17:59:54,32.9297,10.4518,67.08,79,95,7.83
160,Gorin,RU,2021-11-20 17:59:55,51.1983,136.6669,-1.86,99,53,1.63
161,Katsuura,JP,2021-11-20 17:56:47,35.1333,140.3,55.51,75,12,6.44
162,Sawakin,SD,2021-11-20 17:59:55,19.1059,37.3321,80.85,67,15,4.23
163,Sola,VU,2021-11-20 17:59:56,-13.8833,167.55,80.91,73,100,13.38
164,Verkhnyaya Toyma,RU,2021-11-20 17:59:56,62.2349,44.9985,27.05,98,98,3.02
165,Leningradskiy,RU,2021-11-20 17:59:56,69.3833,178.4167,-7.85,85,2,3.42
166,Dudinka,RU,2021-11-20 17:59:57,69.4058,86.1778,-13.38,92,57,11.59
167,Turukhansk,RU,2021-11-20 17:59:57,65.8167,87.9833,-11.96,84,15,15.7
168,Mumford,GH,2021-11-20 17:59:57,5.2618,-0.759,81.77,80,23,8.86
169,Umm Kaddadah,SD,2021-11-20 17:59:58,13.6017,26.6876,74.21,21,0,13.35
170,Mahebourg,MU,2021-11-20 17:59:58,-20.4081,57.7,77.25,73,40,9.22
171,San Quintin,MX,2021-11-20 17:59:58,30.4833,-115.95,64.36,74,98,7.87
172,Pundaguitan,PH,2021-11-20 17:59:59,6.3711,126.1689,81.68,76,90,1.48
173,Ribeira Grande,PT,2021-11-20 17:59:59,38.5167,-28.7,63.0,94,75,16.11
174,Dingle,PH,2021-11-20 17:59:14,10.9995,122.6711,76.03,91,73,4.36
175,Jalu,LY,2021-11-20 17:59:18,29.0331,21.5482,69.24,44,24,14.47
176,Tabory,RU,2021-11-20 18:00:00,58.5198,64.5495,24.57,93,100,10.74
177,Kaitangata,NZ,2021-11-20 18:00:00,-46.2817,169.8464,51.15,97,97,0.98
178,Vila Velha,BR,2021-11-20 17:59:07,-20.3297,-40.2925,73.35,96,75,11.01
179,Tambovka,RU,2021-11-20 18:00:01,50.0969,128.0489,-1.52,99,96,2.39
180,Sapa,PH,2021-11-20 18:00:01,5.1544,120.3241,80.67,81,57,1.74
181,Kerema,PG,2021-11-20 18:01:02,-7.9631,145.7785,78.33,87,99,4.97
182,Houma,US,2021-11-20 18:01:02,29.5958,-90.7195,75.2,67,1,9.22
183,Puerto Baquerizo Moreno,EC,2021-11-20 18:01:02,-0.9,-89.6,69.66,78,60,11.05
184,Capreol,CA,2021-11-20 18:01:03,46.706,-80.9225,36.55,95,90,1.99
185,Borba,BR,2021-11-20 18:01:03,-4.3878,-59.5939,90.27,53,100,3.71
186,Bairiki,KI,2021-11-20 18:01:03,1.3292,172.9752,81.23,74,79,12.01
187,Grindavik,IS,2021-11-20 18:01:04,63.8424,-22.4338,32.47,74,75,4.61
188,Champerico,GT,2021-11-20 18:01:04,14.3,-91.9167,91.76,68,98,5.79
189,Gobabis,NA,2021-11-20 18:01:05,-22.45,18.9667,85.91,9,69,15.82
190,Saint George,US,2021-11-20 18:00:07,37.1041,-113.5841,64.87,23,99,1.03
191,Haimen,CN,2021-11-20 18:01:05,23.1935,116.6142,70.05,80,66,15.93
192,Ahipara,NZ,2021-11-20 18:01:06,-35.1667,173.1667,59.13,94,57,6.44
193,Devils Lake,US,2021-11-20 18:00:27,48.1128,-98.8651,33.91,74,7,5.99
194,Luan,CH,2021-11-20 18:01:06,46.3592,6.9759,48.92,72,15,3.87
195,Porto Belo,BR,2021-11-20 18:01:06,-27.1578,-48.5531,75.79,66,74,8.1
196,Hambantota,LK,2021-11-20 18:00:21,6.1241,81.1185,77.94,73,80,14.81
197,Mayo,US,2021-11-20 18:01:08,38.8876,-76.5119,49.12,56,70,1.99
198,Naron,ES,2021-11-20 18:01:08,43.5167,-8.1528,57.02,80,35,5.84
199,Kampong Thum,KH,2021-11-20 18:01:08,12.7111,104.8887,76.5,87,57,3.49
200,Livingstonia,MW,2021-11-20 18:01:09,-10.606,34.1063,74.37,46,46,3.78
201,Hovd,MN,2021-11-20 18:01:09,48.0056,91.6419,7.12,37,1,1.32
202,Te Anau,NZ,2021-11-20 18:01:09,-45.4167,167.7167,48.16,93,100,0.98
203,Saskylakh,RU,2021-11-20 17:57:51,71.9167,114.0833,-24.21,99,92,5.35
204,Sao Filipe,CV,2021-11-20 18:01:10,14.8961,-24.4956,78.69,78,90,4.88
205,Misratah,LY,2021-11-20 18:01:10,32.3754,15.0925,67.44,61,9,8.3
206,Halifax,CA,2021-11-20 17:57:35,44.6453,-63.5724,42.8,57,10,4.0
207,Bathsheba,BB,2021-11-20 18:01:11,13.2167,-59.5167,85.05,73,31,12.88
208,Tandil,AR,2021-11-20 18:01:11,-37.3217,-59.1332,89.31,21,0,8.01
209,Timra,SE,2021-11-20 18:01:12,62.487,17.3257,36.68,79,76,9.22
210,Yima,CN,2021-11-20 18:01:12,34.7381,111.8839,45.32,75,71,14.23
211,Apatity,RU,2021-11-20 18:01:12,67.5641,33.4031,28.87,91,100,9.98
212,Adjumani,UG,2021-11-20 18:01:13,3.3779,31.7909,75.96,50,40,2.77
213,Kiruna,SE,2021-11-20 18:01:13,67.8557,20.2251,23.92,100,90,9.22
214,Batemans Bay,AU,2021-11-20 18:01:14,-35.7167,150.1833,59.2,94,100,4.74
215,Bosaso,SO,2021-11-20 18:01:14,11.2842,49.1816,77.61,70,13,2.68
216,Weihe,CN,2021-11-20 18:01:14,32.9952,105.3247,37.92,49,83,7.25
217,Broome,US,2021-11-20 18:00:19,42.2506,-75.833,43.18,66,99,3.0
218,Tazovskiy,RU,2021-11-20 18:01:15,67.4667,78.7,-4.86,90,100,21.14
219,San Cristobal,VE,2021-11-20 18:01:15,7.7669,-72.225,87.21,37,60,3.33
220,Narsaq,GL,2021-11-20 17:57:53,60.9167,-46.05,35.22,100,100,4.41
221,Saint Anthony,US,2021-11-20 18:00:20,45.0205,-93.218,45.14,55,75,3.0
222,Santa Cruz,BO,2021-11-20 17:58:23,-17.8,-63.1667,89.65,45,20,8.05
223,Minuri,PH,2021-11-20 18:01:16,16.535,121.8574,72.34,96,98,0.6
224,Kiunga,PG,2021-11-20 18:01:17,-6.1219,141.2906,73.18,99,100,1.05
225,Miri,MY,2021-11-20 18:01:17,4.4148,114.0089,77.05,91,95,3.65
226,Necochea,AR,2021-11-20 18:01:17,-38.5473,-58.7368,92.03,27,3,6.96
227,Sulangan,PH,2021-11-20 18:02:18,11.1373,123.7228,82.89,76,86,5.26
228,Aklavik,CA,2021-11-20 18:00:17,68.2191,-135.0107,2.12,96,100,3.36
229,Lamtah,TN,2021-11-20 18:02:18,35.6667,10.8833,62.37,77,20,1.14
230,Bubaque,GW,2021-11-20 18:02:18,11.2833,-15.8333,84.74,63,0,8.43
231,Portland,US,2021-11-20 18:02:19,45.5234,-122.6762,49.44,90,90,1.01
232,Merauke,ID,2021-11-20 18:02:08,-8.4667,140.3333,79.39,88,100,11.74
233,Jaslo,PL,2021-11-20 18:02:19,49.7451,21.4725,51.89,85,92,7.87
234,Markova,UA,2021-11-20 18:02:20,48.6758,24.4138,45.99,84,20,6.17
235,Sohag,EG,2021-11-20 18:02:20,26.557,31.6948,68.31,38,25,9.04
236,Khilok,RU,2021-11-20 18:02:20,51.3674,110.4676,10.9,96,100,2.8
237,Airai,TL,2021-11-20 18:02:21,-8.9266,125.4092,62.29,90,98,1.12
238,Mendoza,AR,2021-11-20 17:59:16,-32.8908,-68.8272,87.33,25,20,6.91
239,Ancud,CL,2021-11-20 18:02:21,-41.8697,-73.8203,57.04,74,58,11.77
240,Arlit,NE,2021-11-20 18:02:22,18.7369,7.3853,85.69,13,55,8.75
241,Arauca,CO,2021-11-20 18:02:22,7.0847,-70.7591,90.95,49,78,3.11
242,Berlevag,NO,2021-11-20 17:59:51,70.8578,29.0864,30.47,72,100,26.31
243,Nuevo Progreso,MX,2021-11-20 18:02:23,23.1667,-97.95,80.89,63,60,3.0
244,Ishigaki,JP,2021-11-20 18:02:23,24.3448,124.1572,77.09,72,37,12.55
245,Haflong,IN,2021-11-20 18:02:24,25.1833,93.0333,59.79,76,9,0.72
246,Avarua,CK,2021-11-20 18:02:24,-21.2078,-159.775,77.05,69,30,4.61
247,San Matias,BO,2021-11-20 18:02:24,-16.3667,-58.4,81.88,70,93,6.89
248,Cherskiy,RU,2021-11-20 18:02:25,68.75,161.3,-19.01,93,43,1.07
249,Vila Do Maio,CV,2021-11-20 18:02:25,15.1333,-23.2167,84.99,78,97,9.93
250,Coalinga,US,2021-11-20 18:00:00,36.1397,-120.3602,58.59,89,100,6.02
251,Huinan,CN,2021-11-20 18:02:26,42.6225,126.2614,26.82,82,100,4.07
252,Mananara,MG,2021-11-20 18:02:26,-16.1667,49.7667,74.55,84,19,4.05
253,Lucapa,AO,2021-11-20 18:02:27,-8.4192,20.7447,65.82,95,75,1.41
254,Okhotsk,RU,2021-11-20 18:02:27,59.3833,143.3,7.32,80,93,20.27
255,Bhatkal,IN,2021-11-20 18:02:28,13.9667,74.5667,78.37,85,94,5.86
256,Mezen,RU,2021-11-20 18:02:28,65.8522,44.24,25.74,96,98,6.87
257,Manaure,CO,2021-11-20 18:02:28,11.7751,-72.4445,87.22,59,100,11.81
258,Esperance,AU,2021-11-20 17:59:24,-33.8667,121.9,55.24,77,3,16.64
259,Alofi,NU,2021-11-20 17:58:32,-19.0595,-169.9187,71.49,94,8,1.14
260,Kargasok,RU,2021-11-20 18:02:29,59.0556,80.8572,20.3,92,100,12.68
261,Rafai,CF,2021-11-20 18:02:29,4.95,23.9167,71.8,88,58,0.96
262,Tura,IN,2021-11-20 18:02:30,25.5198,90.2201,63.01,77,4,3.04
263,San Policarpo,PH,2021-11-20 18:02:30,12.1791,125.5072,81.1,81,36,5.39
264,Nola,IT,2021-11-20 18:02:30,40.922,14.5329,61.57,48,5,0.92
265,Nanortalik,GL,2021-11-20 18:02:31,60.1432,-45.2371,38.14,99,100,9.84
266,Byron Bay,AU,2021-11-20 18:02:31,-28.65,153.6167,71.06,91,100,5.12
267,Kondopoga,RU,2021-11-20 18:02:32,62.2057,34.2614,29.05,90,100,8.77
268,Abapo,BO,2021-11-20 18:02:32,-18.8333,-63.4667,91.31,25,10,7.34
269,Wexford,IE,2021-11-20 18:02:32,52.3342,-6.4575,51.58,87,100,12.08
270,Sangmelima,CM,2021-11-20 18:02:33,2.9333,11.9833,70.11,94,82,2.62
271,Tecpan,GT,2021-11-20 18:02:33,14.7623,-90.9947,70.56,55,100,5.32
272,Chumikan,RU,2021-11-20 18:00:29,54.7183,135.315,0.43,85,2,12.8
273,Luxor,EG,2021-11-20 18:03:34,25.6989,32.6421,69.24,39,44,7.31
274,Elizabeth City,US,2021-11-20 18:03:34,36.2946,-76.2511,57.22,58,1,11.5
275,Neiafu,TO,2021-11-20 18:03:35,-18.65,-173.9833,79.48,94,40,8.05
276,Grigiskes,LT,2021-11-20 18:03:35,54.6833,25.0833,45.7,83,75,1.99
277,Vila Franca Do Campo,PT,2021-11-20 18:03:35,37.7167,-25.4333,68.2,69,81,15.7
278,Mitsamiouli,KM,2021-11-20 18:03:36,-11.3847,43.2844,79.72,76,28,10.63
279,Hilton Head Island,US,2021-11-20 18:03:36,32.2163,-80.7526,64.99,69,1,11.5
280,Gerash,IR,2021-11-20 18:03:36,27.6652,54.1371,65.17,45,4,2.1
281,Ostrovnoy,RU,2021-11-20 18:02:47,68.0531,39.5131,31.75,81,99,8.63
282,Provideniya,RU,2021-11-20 18:00:58,64.3833,-173.3,8.64,59,11,4.0
283,Acapulco,MX,2021-11-20 18:01:33,16.8634,-99.8901,85.08,57,0,3.0
284,Magdagachi,RU,2021-11-20 18:03:37,53.45,125.8,11.68,58,100,2.17
285,Le Port,RE,2021-11-20 17:59:21,-20.9373,55.2919,77.0,89,39,5.66
286,Richards Bay,ZA,2021-11-20 18:01:51,-28.783,32.0377,67.59,66,97,5.64
287,Deulgaon Raja,IN,2021-11-20 18:03:38,20.0167,76.0333,71.2,93,86,9.66
288,Georgiyevka,KZ,2021-11-20 18:03:38,43.0369,74.7114,28.44,64,0,6.71
289,Jumla,NP,2021-11-20 18:03:38,29.2747,82.1838,43.47,68,0,3.53
290,Zyryanka,RU,2021-11-20 18:03:39,65.75,150.85,-16.65,100,94,2.44
291,Corumba,BR,2021-11-20 18:03:39,-19.0092,-57.6533,85.91,58,75,5.75
292,Chulman,RU,2021-11-20 18:03:40,56.8479,124.9104,-20.79,100,93,1.63
293,Lasa,IT,2021-11-20 18:03:40,46.6166,10.7002,42.37,55,9,1.32
294,Zambezi,ZM,2021-11-20 18:03:40,-13.5432,23.1047,66.87,87,84,4.88
295,Along,IN,2021-11-20 18:03:41,28.1667,94.7667,57.24,70,63,1.77
296,Santo Angelo,BR,2021-11-20 18:03:41,-28.2992,-54.2631,83.86,25,0,7.76
297,Kichmengskiy Gorodok,RU,2021-11-20 18:03:41,59.9816,45.7854,26.15,98,100,2.53
298,Qeshm,IR,2021-11-20 17:59:02,26.9581,56.2719,67.89,44,0,5.95
299,Lazaro Cardenas,MX,2021-11-20 18:00:02,17.9583,-102.2,85.69,49,1,2.57
300,Prince Rupert,CA,2021-11-20 18:01:30,54.3161,-130.3201,44.69,93,90,9.22
301,Tiarei,PF,2021-11-20 18:03:42,-17.5333,-149.3333,82.42,67,53,18.14
302,Tabou,CI,2021-11-20 18:02:07,4.423,-7.3528,81.7,79,15,7.45
303,Sao Jose Da Coroa Grande,BR,2021-11-20 18:03:43,-8.8978,-35.1478,83.19,65,61,12.21
304,Rovnoye,RU,2021-11-20 18:03:43,50.7765,46.0509,43.5,84,100,23.82
305,Ponta Do Sol,PT,2021-11-20 18:00:57,32.6667,-17.1,69.01,59,81,2.55
306,Bone,DE,2021-11-20 18:03:43,51.9669,12.1396,51.3,77,75,8.01
307,Sompeta,IN,2021-11-20 18:03:44,18.9333,84.6,77.61,89,22,3.06
308,Port Blair,IN,2021-11-20 18:03:44,11.6667,92.75,81.23,85,66,13.18
309,Cap Malheureux,MU,2021-11-20 18:03:45,-19.9842,57.6142,77.47,67,3,4.0
310,Lensk,RU,2021-11-20 18:03:45,60.7253,114.9278,-6.72,100,100,1.74
311,Ketchikan,US,2021-11-20 18:01:07,55.3422,-131.6461,35.42,99,100,3.78
312,Touros,BR,2021-11-20 18:03:45,-5.1989,-35.4608,86.9,58,100,14.29
313,Arys,KZ,2021-11-20 18:03:46,42.4252,68.795,32.22,39,2,5.77
314,Baghdad,IQ,2021-11-20 18:03:46,33.3406,44.4009,66.11,48,90,5.75
315,Fuzhou,CN,2021-11-20 17:58:50,26.0614,119.3061,66.09,94,44,2.62
316,Seddon,AU,2021-11-20 18:03:47,-37.8068,144.8916,55.8,71,90,10.36
317,Nome,US,2021-11-20 18:03:47,64.5011,-165.4064,0.16,60,1,0.0
318,Neftcala,AZ,2021-11-20 17:59:11,39.3742,49.2472,53.83,80,48,9.04
319,Pulivendla,IN,2021-11-20 18:03:47,14.4167,78.2333,77.47,84,100,3.38
320,Pendleton,US,2021-11-20 18:03:48,45.6721,-118.7886,46.04,81,1,6.91
321,Ludza,LV,2021-11-20 18:03:48,56.55,27.7167,38.62,77,71,12.5
322,Felipe Carrillo Puerto,MX,2021-11-20 18:04:49,19.5833,-88.05,85.21,62,92,3.42
323,Inverell,AU,2021-11-20 18:00:14,-29.7833,151.1167,67.66,99,100,1.01
324,Saryozek,KZ,2021-11-20 18:04:49,44.3583,77.9753,26.91,43,0,9.04
325,Epe,NG,2021-11-20 18:04:50,6.5841,3.9834,80.31,83,39,7.63
326,Kidal,ML,2021-11-20 18:04:50,18.4411,1.4078,85.01,17,86,10.33
327,Mongo,TD,2021-11-20 18:04:50,12.1844,18.693,86.05,16,9,6.62
328,Soyo,AO,2021-11-20 18:04:51,-6.1349,12.3689,79.16,82,83,7.56
329,Vesoul,FR,2021-11-20 18:04:51,47.5833,5.8333,39.65,84,6,2.08
330,Pringsewu,ID,2021-11-20 18:04:51,-5.3582,104.9744,75.4,88,99,2.73
331,Clonakilty,IE,2021-11-20 18:04:52,51.6231,-8.8706,51.01,84,100,11.95
332,Henties Bay,NA,2021-11-20 18:04:52,-22.116,14.2845,58.86,90,32,8.68
333,Pimenteiras,BR,2021-11-20 18:04:52,-6.2453,-41.4192,100.92,22,33,8.5
334,Bratsk,RU,2021-11-20 18:04:53,56.1325,101.6142,-1.66,87,44,4.99
335,Amapa,BR,2021-11-20 18:04:53,1.0,-52.0,86.56,54,94,5.55
336,Mount Gambier,AU,2021-11-20 18:04:53,-37.8333,140.7667,45.05,90,1,4.52
337,Palu,ID,2021-11-20 18:04:54,-0.8917,119.8707,74.82,96,71,2.84
338,Poum,NC,2021-11-20 18:04:54,-20.2333,164.0167,75.69,75,2,15.68
339,Zhigansk,RU,2021-11-20 18:04:55,66.7697,123.3711,-25.38,99,99,6.4
340,Abu Kamal,SY,2021-11-20 18:04:55,34.4506,40.9171,61.93,65,88,4.99
341,Itupiranga,BR,2021-11-20 18:04:55,-5.1347,-49.3267,80.92,68,46,2.73
342,Macapa,BR,2021-11-20 18:02:36,0.0389,-51.0664,87.33,62,94,13.98
343,Paita,PE,2021-11-20 18:04:56,-5.0892,-81.1144,77.56,71,59,15.88
344,Yerbogachen,RU,2021-11-20 18:04:56,61.2767,108.0108,2.52,98,100,1.7
345,Cockburn Town,TC,2021-11-20 18:04:57,21.4612,-71.1419,80.35,78,98,14.65
346,Kyabe,TD,2021-11-20 18:04:57,9.4515,18.9449,84.87,24,5,3.06
347,Yorkton,CA,2021-11-20 18:00:50,51.2167,-102.4677,24.19,85,58,7.34
348,Katobu,ID,2021-11-20 18:04:57,-4.9408,122.5276,75.97,92,90,2.19
349,Puerto Madero,MX,2021-11-20 18:04:58,14.7208,-92.4215,89.8,55,40,6.91
350,Batagay-Alyta,RU,2021-11-20 18:00:34,67.8006,130.4114,-21.75,97,69,4.38
351,Ornskoldsvik,SE,2021-11-20 18:01:26,63.2909,18.7153,32.95,86,37,13.8
352,Dahuk,IQ,2021-11-20 18:04:58,36.8695,42.994,51.98,67,94,5.91
353,Zeya,RU,2021-11-20 18:04:59,53.75,127.2667,9.41,65,96,3.47
354,Kalmunai,LK,2021-11-20 18:04:59,7.4167,81.8167,79.83,83,96,4.59
355,Victoria,HK,2021-11-20 18:00:05,22.2855,114.1577,74.32,87,88,5.99
356,Santa Rosa,PH,2021-11-20 18:05:00,14.3122,121.1114,79.11,91,100,8.37
357,Chicama,PE,2021-11-20 18:05:00,-7.8447,-79.1469,64.94,60,99,11.48
358,Ormara,PK,2021-11-20 18:05:00,25.2088,64.6357,74.64,40,0,5.44
359,Great Yarmouth,GB,2021-11-20 18:05:01,52.6083,1.7305,50.23,83,40,12.1
360,Vung Tau,VN,2021-11-20 18:01:08,10.346,107.0843,79.23,86,65,11.52
361,Abu Samrah,SY,2021-11-20 18:05:01,35.3029,37.1841,53.98,84,83,11.34
362,Kiama,AU,2021-11-20 18:05:02,-34.6833,150.8667,59.38,95,100,1.01
363,Zhangye,CN,2021-11-20 18:05:02,38.9342,100.4517,24.8,64,99,9.57
364,Komsomolskiy,UZ,2021-11-20 18:05:02,40.4272,71.7189,32.72,64,0,6.91
365,Sioux Lookout,CA,2021-11-20 18:00:45,50.1001,-91.917,28.87,87,97,10.07
366,Goroka,PG,2021-11-20 18:05:03,-6.0834,145.3873,59.76,97,93,1.28
367,Kriel,ZA,2021-11-20 18:05:03,-26.2739,29.2253,60.75,79,70,11.79
368,Freising,DE,2021-11-20 18:05:04,48.4035,11.7488,43.45,86,90,4.61
369,Jiwani,PK,2021-11-20 18:06:04,25.05,61.7417,75.13,38,0,9.31
370,Waddan,LY,2021-11-20 18:06:05,29.1614,16.139,66.9,46,86,8.19
371,Laurel,US,2021-11-20 18:04:45,39.0993,-76.8483,48.25,51,1,4.0
372,Castro,BR,2021-11-20 18:06:05,-24.7911,-50.0119,75.13,53,65,5.79
373,Yeppoon,AU,2021-11-20 18:06:06,-23.1333,150.7333,65.98,73,92,6.11
374,Adrar,MR,2021-11-20 18:06:06,20.5022,-10.0711,84.51,19,83,8.05
375,Milas,TR,2021-11-20 18:06:06,37.3164,27.7839,56.55,38,0,5.75
376,Nouadhibou,MR,2021-11-20 18:06:07,20.931,-17.0347,68.99,81,100,13.65
377,Blagoyevo,RU,2021-11-20 18:06:07,63.3667,47.9167,27.88,90,100,5.97
378,Havoysund,NO,2021-11-20 18:06:07,70.9963,24.6622,29.28,61,100,24.52
379,Storm Lake,US,2021-11-20 18:06:08,42.6411,-95.2097,49.69,42,1,8.05
380,Wahiawa,US,2021-11-20 18:06:08,21.5028,-158.0236,76.8,82,1,0.0
381,Beringovskiy,RU,2021-11-20 18:06:09,63.05,179.3167,-1.44,96,33,8.43
382,Salina,US,2021-11-20 18:06:09,38.8403,-97.6114,56.01,42,1,1.99
383,Quatre Cocos,MU,2021-11-20 18:06:10,-20.2078,57.7625,77.09,69,7,11.79
384,Aasiaat,GL,2021-11-20 18:06:10,68.7098,-52.8699,24.91,69,100,9.89
385,Maragogi,BR,2021-11-20 18:06:10,-9.0122,-35.2225,83.19,65,65,12.41
386,Taltal,CL,2021-11-20 18:06:11,-25.4,-70.4833,67.51,62,56,7.49
387,Shingu,JP,2021-11-20 18:02:53,33.7333,135.9833,54.55,80,0,5.91
388,Belozerskoye,RU,2021-11-20 18:06:11,55.8214,65.5842,21.72,82,100,18.19
389,Namatanai,PG,2021-11-20 18:02:29,-3.6667,152.4333,77.67,85,49,3.8
390,San Patricio,US,2021-11-20 18:06:12,28.017,-97.5169,80.87,62,15,9.1
391,Saint-Pierre,RE,2021-11-20 18:06:12,-21.3393,55.4781,76.68,73,0,3.44
392,Smoky Lake,CA,2021-11-20 18:06:13,54.1169,-112.4686,14.79,81,100,13.89
393,Fairview,US,2021-11-20 18:04:06,40.8126,-73.999,48.24,47,1,0.0
394,Sciacca,IT,2021-11-20 18:06:13,37.5082,13.0881,58.03,75,0,4.85
395,Samarai,PG,2021-11-20 18:06:14,-10.6167,150.6667,80.69,81,56,11.34
396,Xinyang,CN,2021-11-20 18:06:14,32.1228,114.0656,52.05,84,100,8.68
397,Tilichiki,RU,2021-11-20 18:06:14,60.4667,166.1,0.86,95,95,10.31
398,Puerto Escondido,MX,2021-11-20 18:06:15,15.85,-97.0667,85.03,65,20,8.05
399,Vestmannaeyjar,IS,2021-11-20 18:06:01,63.4427,-20.2734,32.99,64,0,17.27
400,Lavrentiya,RU,2021-11-20 18:06:15,65.5833,-171.0,0.05,77,84,6.02
401,Maracas,BR,2021-11-20 18:06:16,-13.4411,-40.4308,80.02,50,72,6.53
402,Kinablangan,PH,2021-11-20 18:06:16,7.6947,126.5503,78.64,84,87,3.74
403,Rawson,AR,2021-11-20 18:06:16,-43.3002,-65.1023,79.86,27,72,30.15
404,Katherine,AU,2021-11-20 18:06:17,-14.4667,132.2667,84.52,65,40,5.75
405,Erdenet,MN,2021-11-20 18:06:17,49.0333,104.0833,3.78,83,99,6.33
406,Shelburne,CA,2021-11-20 18:05:06,44.0787,-80.2041,38.57,77,100,12.73
407,Gouyave,GD,2021-11-20 18:06:18,12.1646,-61.7296,84.97,70,20,18.41
408,Lexington,US,2021-11-20 18:02:40,37.9887,-84.4777,55.24,34,1,1.99
409,Nsanje,MW,2021-11-20 18:06:18,-16.92,35.262,87.03,47,86,11.1
410,Nushki,PK,2021-11-20 18:06:18,29.5542,66.0215,48.24,35,0,2.59
411,Kabanjahe,ID,2021-11-20 18:06:19,3.1001,98.4908,66.96,97,95,2.93
412,Kodiak,US,2021-11-20 18:06:19,57.79,-152.4072,36.91,60,90,29.93
413,Kudahuvadhoo,MV,2021-11-20 18:06:20,2.6708,72.8944,81.64,76,73,17.9
414,Qasigiannguit,GL,2021-11-20 18:06:12,68.8193,-51.1922,21.45,90,100,2.26
415,Casablanca,MA,2021-11-20 18:04:30,33.5928,-7.6192,66.42,88,9,11.01
416,Rosetown,CA,2021-11-20 18:07:20,51.5501,-108.0014,26.98,76,100,12.97
417,Visnes,NO,2021-11-20 18:07:21,59.3556,5.2242,44.49,93,75,20.71
418,Minot,US,2021-11-20 18:07:21,48.2325,-101.2963,43.02,39,1,12.66
419,Vanavara,RU,2021-11-20 18:07:21,60.34,102.2797,-18.45,100,89,2.19
420,Rudnogorsk,RU,2021-11-20 18:07:22,57.2639,103.7519,-10.23,99,75,1.83
421,Saurimo,AO,2021-11-20 18:07:22,-9.6608,20.3916,64.94,96,94,0.76
422,Itainopolis,BR,2021-11-20 18:07:23,-7.4469,-41.4783,103.69,21,71,1.9
423,Fort Frances,CA,2021-11-20 18:07:23,48.5999,-93.4003,30.42,73,1,3.0
424,Lagos,NG,2021-11-20 18:03:58,6.5833,3.75,80.17,83,77,6.4
425,Mount Isa,AU,2021-11-20 18:07:23,-20.7333,139.5,76.77,61,4,0.0
426,Nalut,LY,2021-11-20 18:07:24,30.3333,10.85,63.72,50,81,11.21
427,Ouallam,NE,2021-11-20 18:07:24,14.3188,2.0866,88.57,11,1,8.84
428,Lethem,GY,2021-11-20 18:07:25,3.3803,-59.7968,91.63,46,78,5.46
429,Safaga,EG,2021-11-20 18:07:25,26.7292,33.9365,73.22,40,28,7.83
430,Longyearbyen,SJ,2021-11-20 18:07:25,78.2186,15.6401,10.24,72,75,9.22
431,Auki,SB,2021-11-20 18:07:26,-8.7676,160.7034,77.0,83,97,1.3
432,Barra Do Garcas,BR,2021-11-20 18:07:26,-15.89,-52.2567,80.6,76,97,7.09
433,Labuhan,ID,2021-11-20 18:07:27,-6.8844,112.2051,78.33,85,100,1.81
434,Victoria Point,AU,2021-11-20 18:07:27,-27.5833,153.3,73.11,87,67,6.33
435,Sahuaripa,MX,2021-11-20 18:07:27,29.05,-109.2333,81.23,24,84,2.75
436,Holeby,DK,2021-11-20 18:07:28,54.7115,11.4642,51.1,80,100,20.65
437,Ilhabela,BR,2021-11-20 18:07:28,-23.7781,-45.3581,69.06,87,99,6.91
438,Northam,GB,2021-11-20 18:07:29,51.0333,-4.2167,51.62,76,93,6.8
439,Tuatapere,NZ,2021-11-20 18:07:29,-46.1333,167.6833,50.49,94,100,3.85
440,Miechow,PL,2021-11-20 18:07:29,50.3565,20.0279,49.59,88,100,11.79
441,Mumbwa,ZM,2021-11-20 18:07:30,-14.9783,27.0619,68.43,73,86,3.42
442,Kentau,KZ,2021-11-20 18:07:30,43.5206,68.5094,31.24,43,56,7.0
443,Masvingo,ZW,2021-11-20 18:07:30,-20.0637,30.8277,65.03,92,84,8.9
444,Takestan,IR,2021-11-20 18:07:31,36.0696,49.6959,44.4,63,15,2.51
445,Qaqortoq,GL,2021-11-20 18:07:31,60.7167,-46.0333,32.5,100,100,6.04
446,Kloulklubed,PW,2021-11-20 18:07:31,7.0419,134.2556,84.24,76,36,11.81
447,Namtsy,RU,2021-11-20 18:07:32,62.7161,129.6658,-29.09,100,76,0.87
448,Ponta Delgada,PT,2021-11-20 18:07:32,37.7333,-25.6667,68.5,68,20,14.97
449,Tiksi,RU,2021-11-20 18:07:33,71.6872,128.8694,-12.41,96,99,6.55
450,Toora-Khem,RU,2021-11-20 18:07:33,52.4675,96.11,-6.3,89,97,2.89
451,Praia Da Vitoria,PT,2021-11-20 18:07:34,38.7333,-27.0667,66.76,75,76,22.21
452,Saint-Ambroise,CA,2021-11-20 18:07:34,48.5501,-71.3324,30.58,50,84,6.31
453,Kruisfontein,ZA,2021-11-20 18:07:34,-34.0033,24.7314,61.88,77,69,12.46
454,Mugur-Aksy,RU,2021-11-20 18:07:35,50.35,90.5,-6.38,78,27,6.42
455,Kutum,SD,2021-11-20 18:07:35,14.2,24.6667,70.74,21,0,12.64
456,Amiens,FR,2021-11-20 18:07:35,49.9,2.3,45.77,88,1,2.73
457,Ugoofaaru,MV,2021-11-20 18:03:53,5.6667,73.0,82.15,71,81,18.61
458,Los Llanos De Aridane,ES,2021-11-20 18:07:36,28.6585,-17.9182,65.95,63,20,5.01
459,Muroran,JP,2021-11-20 18:07:36,42.3172,140.9881,41.97,64,61,8.3
460,Kulotino,RU,2021-11-20 18:07:37,58.45,33.3833,34.11,95,100,12.82
461,Lerwick,GB,2021-11-20 18:07:37,60.1545,-1.1494,42.8,86,56,24.72
462,Husavik,IS,2021-11-20 18:07:37,66.0449,-17.3389,27.23,80,99,10.54
463,Tessalit,ML,2021-11-20 18:08:38,20.1986,1.0114,81.23,21,95,14.0
464,Ilulissat,GL,2021-11-20 18:08:22,69.2167,-51.1,21.22,68,75,3.44
465,Sarakhs,IR,2021-11-20 18:08:39,36.5449,61.1577,46.51,44,33,3.29
466,Kenora,CA,2021-11-20 18:08:39,49.8167,-94.4337,30.18,74,61,11.99
467,Miracema Do Tocantins,BR,2021-11-20 18:08:40,-9.5618,-48.3967,91.49,49,48,2.82
468,Taksimo,RU,2021-11-20 18:08:40,56.3444,114.8794,4.75,95,100,0.38
469,Isangel,VU,2021-11-20 18:08:41,-19.55,169.2667,73.9,81,92,3.06
470,Nakamura,JP,2021-11-20 18:08:41,32.9833,132.9333,52.75,86,9,2.64
471,Nampa,US,2021-11-20 18:08:41,43.5407,-116.5635,43.48,75,1,10.36
472,La Ronge,CA,2021-11-20 18:08:42,55.1001,-105.2842,19.62,79,90,9.22
473,Beckley,US,2021-11-20 18:04:23,37.7782,-81.1882,49.89,46,1,3.0
474,Belaya Gora,RU,2021-11-20 18:06:34,68.5333,146.4167,-10.86,100,99,1.74
475,Santa Isabel Do Rio Negro,BR,2021-11-20 18:08:43,-0.4139,-65.0192,74.55,96,100,0.56
476,Cabinda,AO,2021-11-20 18:08:43,-5.55,12.2,78.57,87,100,5.55
477,Inuvik,CA,2021-11-20 18:08:43,68.3499,-133.7218,2.16,85,90,2.3
478,Aykhal,RU,2021-11-20 18:08:44,66.0,111.5,-21.64,100,92,5.46
479,Quito,EC,2021-11-20 18:06:15,-0.2299,-78.5249,59.95,78,78,3.8
480,Angoram,PG,2021-11-20 18:08:44,-4.0625,144.0661,73.9,98,100,1.21
481,Primorsko-Akhtarsk,RU,2021-11-20 18:08:44,46.0497,38.1747,49.51,89,100,23.62
482,Xingyi,CN,2021-11-20 18:08:45,24.1877,102.817,50.14,92,0,1.88
483,Marystown,CA,2021-11-20 18:08:45,47.1666,-55.1483,43.86,100,37,8.01
484,Nhulunbuy,AU,2021-11-20 18:08:46,-12.2333,136.7667,75.81,94,53,0.0
485,Kuytun,RU,2021-11-20 18:08:46,54.3419,101.5036,-10.37,97,19,2.86
486,Arman,RU,2021-11-20 18:08:46,59.7,150.1667,17.96,78,100,11.95
487,Seoul,KR,2021-11-20 18:05:46,37.5683,126.9778,47.64,48,100,0.54
488,Trairi,BR,2021-11-20 18:05:25,-3.2778,-39.2689,86.94,58,94,16.84
489,Brcko,BA,2021-11-20 18:08:47,44.8728,18.8083,44.44,78,1,3.29
490,Lieksa,FI,2021-11-20 18:08:47,63.3167,30.0167,29.48,83,96,11.68
491,Coatesville,US,2021-11-20 18:06:11,39.9832,-75.8238,48.25,55,1,3.0
492,Ikalamavony,MG,2021-11-20 18:08:48,-21.15,46.5833,77.38,52,60,0.78
493,Kasama,ZM,2021-11-20 18:08:48,-10.2129,31.1808,77.47,36,87,5.3
494,Luklukan,PH,2021-11-20 18:08:48,14.3254,122.7124,78.15,90,100,4.0
495,Sampit,ID,2021-11-20 18:08:49,-2.5333,112.95,74.53,98,99,1.19
496,Marsh Harbour,BS,2021-11-20 18:03:57,26.5412,-77.0636,74.61,89,100,24.63
497,Sakakah,SA,2021-11-20 18:08:50,29.9697,40.2064,63.7,33,28,7.4
498,Cayenne,GF,2021-11-20 18:04:50,4.9333,-52.3333,84.24,84,0,6.91
499,Luang Prabang,LA,2021-11-20 18:08:50,19.8856,102.1347,68.22,84,58,1.05
500,Havelock,US,2021-11-20 18:08:50,34.8791,-76.9013,61.05,65,16,7.0
501,Cabanas,CU,2021-11-20 18:08:51,22.9758,-82.9219,84.67,82,99,11.25
502,Coquimbo,CL,2021-11-20 18:08:51,-29.9533,-71.3436,62.33,72,40,13.8
503,Concepcion,CL,2021-11-20 18:08:51,-36.827,-73.0498,67.8,64,0,4.61
504,Wenling,CN,2021-11-20 18:08:52,28.3669,121.36,59.92,85,45,4.83
505,Hukuntsi,BW,2021-11-20 18:08:52,-24.0,21.75,84.72,28,81,19.82
506,Port-Gentil,GA,2021-11-20 18:08:53,-0.7193,8.7815,79.57,82,99,12.08
507,Presidencia Roque Saenz Pena,AR,2021-11-20 18:09:53,-26.7852,-60.4388,88.14,24,2,6.76
508,Bani,DO,2021-11-20 18:09:54,18.2833,-70.3333,89.04,59,51,11.72
509,Tarko-Sale,RU,2021-11-20 18:09:54,64.9225,77.785,2.1,93,100,20.94
510,Praya,CV,2021-11-20 18:09:54,14.9215,-23.5087,84.74,61,20,12.66
511,San Roque,ES,2021-11-20 18:09:55,36.2107,-5.3842,59.83,88,75,3.44
512,Teguldet,RU,2021-11-20 18:09:55,57.3064,88.1667,14.65,93,100,8.41
513,Kahului,US,2021-11-20 18:08:10,20.8947,-156.47,78.84,81,20,10.36
514,Camacha,PT,2021-11-20 18:09:56,33.0833,-16.3333,65.62,56,20,4.61
515,Elat,IL,2021-11-20 18:09:56,29.5581,34.9482,69.64,73,75,6.91
516,Mahanje,TZ,2021-11-20 18:09:56,-9.9333,35.3333,75.58,34,6,5.37
517,Lufilufi,WS,2021-11-20 18:09:57,-13.8745,-171.5986,82.45,77,28,18.61
518,Banda Aceh,ID,2021-11-20 18:09:57,5.5577,95.3222,79.99,81,86,11.68
519,Cabo San Lucas,MX,2021-11-20 18:07:54,22.8909,-109.9124,82.51,47,1,3.44
520,Yangshan,CN,2021-11-20 18:09:57,28.7615,115.0287,57.27,97,100,2.62
521,Ranong,TH,2021-11-20 18:09:58,9.9658,98.6348,77.23,91,40,3.71
522,Taguatinga,BR,2021-11-20 18:09:58,-12.3857,-46.5711,82.81,62,89,1.34
523,Melekhovo,RU,2021-11-20 18:09:58,56.2773,41.2935,32.95,97,100,14.65
524,Melo,UY,2021-11-20 18:09:59,-32.3667,-54.1833,82.02,42,0,8.81
525,Singaraja,ID,2021-11-20 18:09:59,-8.112,115.0882,76.96,83,100,1.7
526,Alferrarede,PT,2021-11-20 18:10:00,39.4833,-8.1667,60.42,76,78,3.0
527,Sarkand,KZ,2021-11-20 18:10:00,45.41,79.9186,27.86,56,1,8.39
528,Nata,PA,2021-11-20 18:10:00,8.3333,-80.5167,90.46,59,72,1.5
529,Kalaleh,IR,2021-11-20 18:10:01,37.3807,55.4916,52.5,38,0,7.56
530,Hede,CN,2021-11-20 18:10:01,33.7681,120.2517,56.25,85,100,5.26
531,Clarksville,US,2021-11-20 18:08:49,36.5298,-87.3595,58.71,32,1,1.01
532,Gurupa,BR,2021-11-20 18:10:02,-1.405,-51.64,89.65,58,97,3.65
533,Tamandare,BR,2021-11-20 18:10:02,-8.7597,-35.1047,83.44,64,60,11.56
534,Lorengau,PG,2021-11-20 18:10:03,-2.0226,147.2712,80.64,71,42,0.72
535,Dekar,BW,2021-11-20 18:10:03,-21.5333,21.9333,79.0,36,92,7.7
536,Mbini,GQ,2021-11-20 18:10:03,1.574,9.6134,78.98,84,93,6.42
537,Hobyo,SO,2021-11-20 18:10:04,5.3505,48.5268,80.2,67,78,13.51
538,Guaratinga,BR,2021-11-20 18:10:04,-16.5667,-39.5667,83.07,63,90,4.41
539,Kirksville,US,2021-11-20 18:10:05,40.1948,-92.5833,53.78,39,1,3.0
540,Rameswaram,IN,2021-11-20 18:10:05,9.2833,79.3,81.59,77,58,19.95
541,Colesberg,ZA,2021-11-20 18:10:06,-30.72,25.0972,67.77,16,38,10.6
542,Mattru,SL,2021-11-20 18:10:06,7.6244,-11.8332,81.72,75,59,5.26
543,Taoudenni,ML,2021-11-20 18:10:07,22.6783,-3.9836,84.9,23,99,10.0
544,Road Town,VG,2021-11-20 18:10:07,18.4167,-64.6167,86.04,66,20,13.8
545,Jaru,BR,2021-11-20 18:10:07,-10.4389,-62.4664,84.16,74,77,3.49
546,Andapa,MG,2021-11-20 18:10:08,-14.65,49.65,66.81,98,67,0.63
547,Doka,SD,2021-11-20 18:10:08,13.5167,35.7667,81.54,24,0,12.3
548,Kautokeino,NO,2021-11-20 18:10:08,69.0125,23.0412,18.36,95,95,5.68
549,Hay River,CA,2021-11-20 18:09:27,60.8156,-115.7999,4.51,88,92,11.41
550,Buala,SB,2021-11-20 18:10:09,-8.145,159.5921,78.91,78,94,0.51
551,Sao Joao Da Barra,BR,2021-11-20 18:10:09,-21.6403,-41.0511,75.29,88,100,14.79
552,Porto Novo,BJ,2021-11-20 18:10:10,6.4965,2.6036,81.39,80,75,8.79
553,Campbell River,CA,2021-11-20 18:11:10,50.0163,-125.2446,42.26,94,100,0.27
554,Bara,NG,2021-11-20 18:11:10,10.3744,10.7288,84.83,19,9,6.91
555,Flinders,AU,2021-11-20 18:11:11,-34.5833,150.8552,60.21,93,100,1.01
556,Caravelas,BR,2021-11-20 18:11:11,-17.7125,-39.2481,80.56,75,100,8.08
557,Naryan-Mar,RU,2021-11-20 18:11:12,67.6713,53.087,24.8,95,100,8.99
558,Caxito,AO,2021-11-20 18:11:12,-8.5785,13.6643,81.25,80,51,7.16
